{
  "agentcom": "Agents this is the Command Room|Defend the mainframe in System Defender|Hone your skills with Spy Drills|Be ready to protect the island|We are the best of the best",
  "agentlobbymulti": "This is the Everyday Phoning Facility\u2026|which is ACTUALLY a secret entrance|to the Elite Penguin Force Command|That's technically classified|But if you've got what it takes...|answer the call and become an agent",
  "attic": "This is the Mystery Attic|It's full of strange objects...|from the mysteries of Club Penguin...|there's even a Box Portal by the buoy",
  "beach": "This relaxing place is the Beach|You can lounge in a beach chair\u2026|\u2026and build snow castles|Sometimes the Migrator shows up!",
  "beacon": "The Beacon has a giant spotlight...|...and a telescope you can look through|What IS that in the distance?|And if you thought penguins can\u2019t fly...|...try Jet Pack Adventure!",
  "berg": "Here we are on the Iceberg|It might not look like much\u2026|\u2026but it\u2019s a jackhammering hot spot!|You can also dive for treasure\u2026|\u2026in the Aqua Grabber!",
  "boiler": "This lovely spot is the Boiler Room|It\u2019s where all the old issues\u2026|\u2026of the newspaper are stored|You can read up on the island history...|\u2026or just stare at the steam pipe!",
  "book": "These are the CP Times offices|Here you can peruse the library\u2026|\u2026check out the striking wall art\u2026|\u2026and pass the time with Mancala...|\u2026while you wait for news to roll in!",
  "boxdimension": "You've entered another dimension\u2026|The Box Dimension!| This place is the source of all boxes|Please leave the laws of physics at the door.",
  "cave": "Ever seen an underwater pool?|Well now you have!|You can swim laps\u2026|\u2026 or enjoy the undersea life\u2026|\u2026that passes by the windows",
  "cavemine": "This is the Gold Mine|Rumor is if you dig up gold nuggets...|...you can find the legendary gold puffle!|If you think you have what it takes...|...head to the Pet Shop to start the quest",
  "centre": "Welcome to the Tour Centre|This is the place if you too want to be a Tour Guide|just like me!|We do our best to deliver the best experience we can give as we can continue to waddle on in progress towards a better...|...\"tourmorrow.\"|Also check out our mini museum!|It's got some pretty weird stuff.",
  "cloudforest": "It's the majestic rainbow puffle!!!!!|Best discovery EVER!!!!|Must. Tell. Everyone!",
  "coffee": "Here we have our Coffee Shop|You can grab a hot cup of java\u2026|\u2026unload beans in Bean Counters\u2026|\u2026 or have a delicious fruit smoothie|Making smoothies is fun, but messy!",
  "cove": "This secluded spot is the Cove|Here you can swim by the shore\u2026|\u2026grab a board and catch some waves\u2026|\u2026or throw a beach party!|Just make sure there\u2019s a lifeguard!",
  "dance": "If you like music and moving\u2026|\u2026then you\u2019ll love the Dance Club!|Here you can DJ tunes\u2026|\u2026or bust moves on the floor",
  "dock": "This bit of shoreline is the Dock|Here you can take a ride on a tube\u2026|\u2026behind a speedboat in Hydro-Hopper!| It\u2019s as crazy as it sounds\u2026|\u2026and as fun!",
  "dojo": "Welcome to the Dojo!|Card-Jitsu takes time to master\u2026|\u2026but Sensei is here to teach you|The elements of Fire, Water, and Snow\u2026|\u2026can be yours to master!",
  "dojoext": "This is the Dojo Courtyard|Enter the Dojo to play Card-Jitsu...|\u2026and learn the ways of the ninja!",
  "dojofire": "This hot spot is the Fire Dojo|Here Card-Jitsu ninjas\u2026|\u2026learn to master the element of Fire|Talk to Sensei to begin your training",
  "dojosnow": "This mountain peak is the Snow Dojo|Head across the bridge to battle snow minions...|...and master Snow.|You are ready brave ninja!",
  "dojowater": "Welcome to the Water Dojo|Water ninjas earn their suits here\u2026|\u2026by battling in Card-Jitsu|Some say they\u2019re the strongest ninjas|Others say they\u2019re all wet!",
  "forest": "Here we are in the Forest|It's a great place to enjoy nature|But watch out for the wildlife!|Go down those stairs to go to the Cove|Or head up to the university...|...and learn something new",
  "forts": "These Snow Forts are being used for Gary's time portal to the future!|Jump in to travel through time...|...and maybe check out a robot tour?",
  "hotellobby": "Welcome to the Puffle Hotel!|Treat your puffle to food, toys and hats...|...get pampered at the Puffle Spa...|or head upstairs to relax by the pool",
  "hotelroof": "This is the rooftop of the Puffle Hotel|Treat your pet to a delicious snack...|...go for a dip or relax by the poolside...|Members can launch into the Cloud Forest!",
  "hotelspa": "Here your puffle can enjoy a workout...|...on the treadmill or at a step class...|Then indulge them with a spa treatment|Careful not to get soap in your eyes!",
  "lake": "This is the Hidden Lake|Guess it\u2019s not so hidden anymore!|Look at all this treasure!|You'll need a key for that water door|Play Puffle Rescue to find it",
  "light": "Here\u2019s the island\u2019s tallest building!|The Lighthouse has a stage\u2026|\u2026and a picture gallery...|\u2026and, um, random storage|Go upstairs to light the Beacon!",
  "lodge": "Welcome to the Puffle Lodge!|You can join the Puffle Guides...|and find a puffle creature beyond that door...|explore the Mystery Attic upstairs...|or stay and play Find Four and Ice Fishing!",
  "lounge": "This is the Arcade, where fun happens!|You can play video games\u2026|...like Bits & Bolts, Thin Ice, or Astro Barrier |\u2026 or throw snowballs at targets",
  "mall": "This is Puffle Berry Mall|A great place to meet friends...|or just ride the escalators|Costumes are available here too!",
  "mine": "This is the Mine|Puffles like exploring tunnels\u2026|\u2026and sometimes get trapped inside|They need your help to rescue them!",
  "mtn": "If you like to sled, come to Ski Hill!|I guess it should be called Sled Hill|Bunny Hill is for newcomers|Ridge Run is only for pros|The drop is almost straight down!",
  "overlook": "Watch your step!|Welcome to the Overlook!|Here you can find the Tour Centre...|...and maybe even become a Tour Guide yourself!|When you're ready to leave, take the cannon!|It's the fastest way down!",
  "park": "Welcome to the Puffle Park|It's made just for you and your puffle|You can go on a slide or zipline...|or wash up at the hydrant!|The cat and dog puffles...|especially love this spot!",
  "pet": "In the Pet Shop you can adopt puffles|They have different colors and traits|Play Puffle Launch or Pufflescape...|Or take them to the Puffle Park!",
  "pizza": "Mmm\u2026 Pizza Parlor!|Here you can grab a delicious slice\u2026|\u2026or make pizzas in the Pizzatron game|The stage is great for entertaining\u2026|\u2026or go behind the counter and help out!",
  "plaza": "This is the Plaza!|Grab a snack at the Pizza Parlor\u2026|or hang out at the Mall|Adopt a puffle from the Pet Shop|\u2026then play in the Puffle Park\u2026|and pamper them in the Puffle Hotel!",
  "pufflewild": "Wild puffle creatures roam here|Keep your eyes out for them...|we might even see a unicorn puffle!|This table is their feeding area...|so don't leave your snacks there",
  "rink": "Welcome sports fans!|This is the Stadium|Kick goals, or kick back\u2026|\u2026be a sportscaster or snack seller!|Fish dog anyone?",
  "school": "Class is in session!|Everyone take your seats|What are we studying today?|When it's time for lunch...|...head into the cafeteria|and check out the daily lunch special!",
  "shack": "Welcome to Club Penguin University!|Chill out on the lawn...|...start a game of volleyball...|...or head inside to class|When school gets out, head down to the Mine|...for a game of Cart Surfer!",
  "ship": "Welcome aboard the Migrator!|This is Captain Rockhopper's ship...|Head to the hold for rare treasures...|...or up the mast for a great view!",
  "shiphold": "Here is the ship's cargo hold|This is where Rockhopper sells his rare items...|...that he finds out at sea|Pick up your pirate loot...|...before it sails away!",
  "shipnest": "This is called the Crow's Nest...|...where Yarr keeps a lookout|You can get a great view...|of the island!",
  "shipquarters": "This is the Captain's Quarters!|Rockhopper spends a lot of time here.|Look at the corkboard for his photos!|Or, grab a friend and hunt for some treasure!",
  "shop": "This is our Clothes Shop|Check out the latest fashions\u2026|\u2026and show them off on the runway!",
  "skatepark": "Welcome to the Skatepark!|A place to learn tricks|And show off sweet skills!",
  "tour": "Looks like I'm on a Sky Tour!|I should probably listen to Speakerdude...",
  "town": "Here is the Town Center|It\u2019s always a busy, exciting place|and a great spot to meet friends\u2026|\u2026or be a Tour Guide!",
  "underwater": "BLUB! This place is Underwater!|Just look at all the colorful fish\u2026|\u2026and unusual plant life!|Don\u2019t stay too long\u2026|\u2026or you\u2019ll get pruned",
  "village": "Here we have the Ski Village|Race down the Ski Hill or check out the EPF...|that's Everyday Phoning Facility of course|Puffle creatures can be adopted in the Wilds...|just through the Puffle Lodge!",
  "party1": "Welcome to the Forts.|Watch out for meteor impacts!|The time portal is active so you can go to the past!|See how penguins used to live!",
  "party3": "Here at Blast off Bistro, they use the latest serverbots| so you can enjoy the sushi,| sing on the stage |or try the hexagon pizza!",
  "party4": "Welcome to the Dance Dome!|The world's only weightless dance club!|Float to the beat while DJ Space Squid mixes the tunes!",
  "party5": "Your one stop Robo shop!|Check out the newest tech or fix up your robo.|Pilots are always working to make their robos better!",
  "party6": "Here is the Interstellar Zoo,|where you can meet creatures from across the galaxy.|Here are Zonks from Tremes V,|or were those Tremes from Zonk V?",
  "party7": "This is the Beach,|Home of the Space Academy.|Head inside to start training,|or to take the space elevator.|Watch out for meteors,|it's likely they will aim for this place.",
  "party8": "This is the Space Academy.|Many train here so they can join the Extra Planetary Federation!|Practice hitting meteors with snowballs|or head to space from that elevator.",
  "party9": "Space tours are dangerous!|There are meteors up here!|Try to blast some if you can and let's move to a quieter spot.",
  "party10": "Space tours are dangerous!|There are meteors up here!|Try to blast some if you can and let's move to a quieter spot.",
  "party11": "Enjoy the wonders of space here!|Look at distant stars while you sip on space-coffee and talk about your missions."
}