{
    "itemCost" : {
        "1481": 1500,
        "1177": 1500,
        "5417": 1500,
        "970": 500,

        "1302": 1000,
        "350": 1500,
        "7032": 500,
        "486": 3000,
        "5416": 3000,

        "3087": 3000,
        "5415": 3000,
        "14437": 5000,
        "2002": 1500,

        "5006": 1000,
        "5414": 1000,
        "2168": 1000,
        "9108": 500,

        "4421": 5000,
        "5077": 1000,
        "3178": 5000,
        "5367": 5000,

        "3149": 10000,
        "591": 500,
        "1996": 10000
     },
    "puffleItemCost" : {
        "148": 2000,
        "147": 2000,
        "82": 2000,
        "159": 2000,
        "93": 2000
     },
    "iglooItemCost" : {
        "29": 7500
     },
    "locationItemCost" : {
        "12": 7500
     },
    "1": {
        "items": [1481, 1177, 5417, 970],
        "puffle": [148]
    },
    "2": {
        "items": [1302, 5415, 7032, 486, 5416],
        "puffle": []
    },
    "3": {
        "items": [3087, 5414, 14437, 2002],
        "puffle": [147]
    },
    "4": {
        "items": [5006, 2168, 9108],
        "puffle": [82, 159]
    },
    "5": {
        "items": [4421, 5077, 3178, 5367],
        "puffle": [93]
    },
    "6": {
        "items": [3149, 591, 1996],
        "puffle": [82, 159],
        "igloo": [29],
        "location": [12]
    }
}