{"0":{"title":"COINS FOR CHANGE A SUCCESS!","path":"news\/papers\/20140102","issue":"Issue:428","date":"January 02, 2014","key":"current_news"},"1":{"title":"ROCKHOPPER TALKS TRAINS!","path":"news\/papers\/20131226","issue":"Issue:427","date":"December 26, 2013","key":"old_news0"},"2":{"title":"ROOKIE RUNS OFF THE TRAILS!","path":"news\/papers\/20131218","issue":"Issue:426","date":"December 18, 2013","key":"old_news1"},"3":{"title":"HERBERT DONATES FORTUNE","path":"news\/papers\/20131211","issue":"Issue:425","date":"December 11, 2013","key":"old_news2"},"4":{"title":"PUFFLES RESCUED!","path":"news\/papers\/20131204","issue":"Issue:424","date":"December 04, 2013","key":"old_news3"},"5":{"title":"INSIDE HERBERT'S LAIR","path":"news\/papers\/20131127","issue":"Issue:423","date":"November 27, 2013","key":"old_news4"},"6":{"title":"MIND-CONTROLLED PUFFLES!","path":"news\/papers\/20131120","issue":"Issue:422","date":"November 20, 2013","key":"old_news5"}}