{"Featured Postcards":{"order_position":"2","71":{"subject":"Actors Needed","in_catalog":true},"67":{"subject":"Planet Y","in_catalog":true},"46":{"subject":"Aloha","in_catalog":true}},"Friendship":{"order_position":"3","32":{"subject":"Terrific Friend","in_catalog":true},"57":{"subject":"Be My Buddy","in_catalog":true},"201":{"subject":"Thank You","in_catalog":true},"56":{"subject":"Hey There","in_catalog":true},"88":{"subject":"My Tour","in_catalog":true},"26":{"subject":"I Like Your Outfit","in_catalog":true},"64":{"subject":"Stopping By","in_catalog":true},"25":{"subject":"Awesome Outfit","in_catalog":true},"62":{"subject":"Let's Hang Out","in_catalog":true},"24":{"subject":"Cool Name","in_catalog":true},"35":{"subject":"Long Time No See","in_catalog":true}},"Puffles":{"order_position":"4","231":{"subject":"Cool Puffles","in_catalog":true},"222":{"subject":"Bring your puffles!","in_catalog":true},"219":{"subject":"Best Friends for Life!","in_catalog":true}},"Igloo":{"order_position":"5","17":{"subject":"Cool Igloo","in_catalog":true},"27":{"subject":"Party at my Igloo","in_catalog":true},"1":{"subject":"Re-decorated Igloo","in_catalog":true},"61":{"subject":"Igloo Party","in_catalog":true},"202":{"subject":"Check out my igloo","in_catalog":true}},"Games":{"order_position":"6","19":{"subject":"Great Game","in_catalog":true},"10":{"subject":"Mancala","in_catalog":true},"52":{"subject":"Ski Hill","in_catalog":true},"218":{"subject":"My Stamp Book","in_catalog":true},"206":{"subject":"Stamp Book","in_catalog":true},"59":{"subject":"Find Four","in_catalog":true}},"Rooms":{"order_position":"7","20":{"subject":"Snow Forts","in_catalog":true},"30":{"subject":"Hidden Lake","in_catalog":true},"29":{"subject":"Tip The Berg","in_catalog":true},"55":{"subject":"Dojo","in_catalog":true},"54":{"subject":"Stage","in_catalog":true},"21":{"subject":"Pool","in_catalog":true}},"EPF":{"order_position":"8","47":{"subject":"EPF Recruitment","in_catalog":true}}}