{"agentcom":"Welcome agents, to the EPF Command Room.|This room is ultra top secret...|...and contains the latest in secret agent technology.|Check out the new Field Ops computer for your orders.","agentlobbymulti":"Here we have an average, Everyday Phoning Facility.|Yup, not much to see here.|Nothing suspicious about it at all...|...let's move on.","agentlobbysolo":"Hmm.... Looks like I'm the only one here.|I can't really give a tour to just myself...|...or can I?|Here we have the Facility. It's pretty empty.","agentvr":"This is called the VR room.|VR stands for Virtual Reality.|Here you can see what the old HQ looked like...|...before it was destroyed by a popcorn device.","attic":"This is the Lodge Attic.|It has been used to store just about anything!|It also has more Find Four tables.","beach":"And now we're at the Beach|Here you'll find a wide assortment of animals...|...and also the best country preserves in Club Penguin!|Shall we moo-ve on?","beacon":"This is the Beacon|It's brighter than usual for The Fair!|Test your skills on Jet Pack Adventure!","berg":"This is the Iceberg... woah!|Looks like the 'berg turned into a ball pit!|Zoom down the slide...|...or jump right on in|Don't lose your puffle!","boiler":"This is the Boiler Room.|It gives electricity and heat to Club Penguin.|Here you can read old editions of the newspaper.|It is a great way to learn about Club Penguin.","book":"Here we have the office for the Club Penguin Times|If you're looking for the latest news on the island...|...this is definitely the place to be!","boxdimension":"Welcome to the Box Dimension.|This mysterious place is the source of all boxes.|Please leave the laws of physics at the door.","cave":"Here we have the Cave, which has its own pool.|It also has windows to see underwater.|Wait a moment, and a crab may walk by.","cavemine":"Here we have the Mine Cave...|Some workers say they've found buried treasure...|So grab a hardhat and start digging!","coffee":"Welcome to the Coffee Shop!|Here you'll find the best cups of coffee on the island\u2026|\u2026and also smoothies, tea, and pickle juice!|Try out the Smoothie Smash or Bean Counters games\u2026|\u2026or head upstairs for the Club Penguin Times Newsroom","cove":"There's LOTS going on at the Cove|Watch out for flying popcorn!|Earn tickets at Feed-A-Puffle...|...trade them for prizes|(Psst, if your aim is good...|...you can earn a special Stamp!)","dance":"Welcome to the Night Club|If you like to disco...|...this is the place to be|We can play Dance Contest...|...or head upstairs to the Lounge","dock":"Here we are at the Dock|Show your strength at Ring the Bell...|...or test your memory at Puffle Shuffle!","dojo":"Here we are in the Dojo.|Learn to become a Ninja with Card-Jitsu.|Train and earn belts to progress.|Only the dedicated will succeed.","dojoext":"This is the Courtyard.|It was covered in snow for many moons!|Enter the Dojo and take the path of the Ninja.","dojofire":"Welcome to the Fire Dojo atop the Volcano!|Here ninjas learn to master the element of fire,|by playing Card-Jitsu Fire!|Talk to Sensei over there to learn more!","dojohide":"Welcome to the Ninja Hideout.|Here we can learn to master the elements.|The glowing tablets open the Elemental Dojos....|...where we can play Card-Jitsu Fire or Water.|Let's go inside... ","dojowater":"Welcome to the Water Dojo.|At the Waterfall you can earn your Water Suit.|Only the most powerful ninjas will succeed...","eco":"This is the Recycling Plant!|Throw your recycling into the Recycletron 3000...|...and turn rubbish into useful things!","forest":"Here we are at the Forest|Let's check out the prizes at the booth...|...then head to the Great Puffle Circus!","forts":"These are the Snow Forts|Wait, make that candy castles!|You can enter the Bonus Games Room here...","lake":"Wow! This place is the Hidden Lake...|Where did all this treasure come from, I wonder...|And it looks like there's a door under the water...","light":"This is the Lighthouse...|...the tallest building in Club Penguin.|Take a look at the pictures on the wall...|...or grab a new instrument and perform on stage.|Go upstairs to find the Beacon!","lodge":"The Ski Lodge is a great place to warm up.|Or, you can play Find Four with friends.|You can also go Ice Fishing out the back door.","lounge":"This is the second floor of the Night Club.|It is called the Lounge.|It is a great place to rest after dancing.|Also, fun arcade games are found here.","mine":"Welcome to the Mine...|During recent construction work...|... puffles were seen entering the tunnel...|...and some are now trapped inside.|Over there is the Rescue Squad's base of operations.|They need your help, and fast!","mtn":"Welcome to the Ski Hill...|...the place for serious sledders|Check out the fancy decorations!|Let's serve some treats!","party1":"This is the Bonus Games Room!|We can earn more tickets to trade for prizes!|Let's try a round of Puffle Soaker...|...or test our skills in Balloon Pop","party2":"We're outside The Great Puffle Circus|Inside, you'll see amazing feats...|...even though puffles have no feet!|Sit back, relax, and prepare to be astounded!","party3":"Welcome to The Great Puffle Circus!|Prepare to be dazzled by the performers!|Bring your puffle and join the fun!","pet":"The Pet Shop is where you can adopt a puffle.|Puffles have different colors and personalities.|They all like penguins, and make great pets.|Hey! Check out the cannon...|...and blast off on an adventure in Puffle Launch!","pizza":"Welcome to the Pizza Parlor!|Let's enter the pizza eating contest!|Hope you're hungry","plaza":"Welcome to the Plaza!|Adopt a puffle at the Pet Shop...|...and take it to the Puffle Circus!|Let's grab some pizza at the booth","rink":"Here we are at the Stadium|Or should I say bumper cars arena?!|Put on your bumper car costume...|...and try out the track","shack":"Welcome to the Mine Shack...|Home of the Mine and the Community Garden!|Help water the garden by throwing snowballs...|...into the green bucket.|Beside the beautiful tree is the Recycling Plant...|...where we use garbage to make useful stuff!","ship":"This is the pirate ship, the Migrator. Arrrr!|Rockhopper sails the seas in this ship.","shiphold":"Here is the ship's cargo hold.|This is where Rockhopper sells his rare items.","shipquarters":"This is the Captain's Quarters!|Rockhopper spends a lot of time here.|Look at the corkboard for his photos!|Or, grab a friend and hunt for some treasure!","shop":"This is the Gift Shop.|You can buy clothes from the monthly catalog.|Colors and backgrounds can be bought as well.|Use coins you have earned from playing games.","sport":"Welcome to the Sports Shop.|Here, you can buy all sorts of sports equipment.","stage":"Welcome to the Stage. Tickets please!|Currently showing Space Adventure Planet Y.|If you're interested in a job...|...actors, directors, and alien stage hands are needed!","town":"Welcome to the Town Center|Make your own magic show!|Or cheer for your favorite performers!|Watch me make this cream soda disappear!","underwater":"BLUB! This place is Underwater...|Look at all the colorful fish and plants! And treasure!|This place sure is unusual...","village":"This is the Ski Village|Strike a pose!|Or take your photo with Rockhopper!"}