{
    "global": {
        "guide_board": "close_ups\/guide_board.swf",
        "guide_hint": "close_ups\/guide_hint.swf",
        "petShopAdopt": "close_ups\/petShopAdopt.swf",
        "art_wall": "close_ups\/art_wall.swf",
        "tourBalloonOops": "close_ups\/tourBalloonOops.swf",
        "tourCannonOops": "close_ups\/tourCannonOops.swf",
        "senseiCheese": "close_ups\/senseiCheese.swf",
        "puffle_cookie": "puffle\/icons\/cookie.swf",
        "puffle_food": "puffle\/icons\/food.swf",
        "puffle_bath": "puffle\/icons\/bath.swf",
        "puffle_gum": "puffle\/icons\/gum.swf",
        "goldenPuffleShort": "content\/shorts\/goldenPuffle.swf",
        "rubyShort": "content\/shorts\/ruby.swf",
        "fairyFablesShort": "content\/shorts\/fairyFables.swf",
        "penguinsTimeShort": "content\/shorts\/penguinsTime.swf",
        "squidzoidShort": "content\/shorts\/squidzoid.swf",
        "underwaterShort": "content\/shorts\/underwater.swf",
        "ninja_fire_video": "close_ups\/ninja_fire_video.swf",
        "ninja_water_video": "close_ups\/ninja_water_video.swf",
        "clothing_sprites": "clothing\/sprites\/",
        "clothing_photos": "clothing\/photos\/",
        "clothing_paper": "clothing\/paper\/",
        "clothing_icons": "clothing\/icons\/",
        "clothing_book1": "clothing\/books\/news.swf",
        "clothing_book3": "clothing\/books\/map.swf",
        "help": "content\/help.swf",
        "map": "content\/map.swf",
        "igloo_map": "content\/igloo_map.swf",
        "archives": "content\/archives.swf",
        "mystery_penguin": "content\/mystery_penguin.swf",
        "voting_booth": "content\/winners.swf",
        "ninjaprogress": "content\/ninjaprogress.swf",
        "igloo_music": "content\/igloo_music.swf",
        "library": "content\/library.swf",
        "furniture_icons": "furniture\/icons\/",
        "furniture_sprites": "furniture\/sprites\/",
        "2009iceplaque_01": "content\/icesculpture_winners\/2009iceplaque_01.swf",
        "2009iceplaque_02": "content\/icesculpture_winners\/2009iceplaque_02.swf",
        "2009iceplaque_03": "content\/icesculpture_winners\/2009iceplaque_03.swf",
        "2009iceplaque_04": "content\/icesculpture_winners\/2009iceplaque_04.swf",
        "2009iceplaque_05": "content\/icesculpture_winners\/2009iceplaque_05.swf",
        "2009iceplaque_06": "content\/icesculpture_winners\/2009iceplaque_06.swf",
        "2009iceplaque_07": "content\/icesculpture_winners\/2009iceplaque_07.swf",
        "2009iceplaque_08": "content\/icesculpture_winners\/2009iceplaque_08.swf",
        "2009iceplaque_09": "content\/icesculpture_winners\/2009iceplaque_09.swf",
        "2009iceplaque_10": "content\/icesculpture_winners\/2009iceplaque_10.swf",
        "2009iceplaque_11": "content\/icesculpture_winners\/2009iceplaque_11.swf",
        "2009iceplaque_12": "content\/icesculpture_winners\/2009iceplaque_12.swf",
        "2009iceplaque_13": "content\/icesculpture_winners\/2009iceplaque_13.swf",
        "2009iceplaque_14": "content\/icesculpture_winners\/2009iceplaque_14.swf",
        "2009iceplaque_15": "content\/icesculpture_winners\/2009iceplaque_15.swf",
        "igloo_art": "igloo\/igloos\/",
        "igloo_icons": "igloo\/icons\/",
        "igloo_flooring": "igloo\/flooring\/",
        "wall_box_animation": "igloo\/assets\/wall_box_animation.swf",
        "room_box_animation": "igloo\/assets\/room_box_animation.swf",
        "igloo_contest": "igloo\/assets\/contest.swf",
        "igloo_contest_thanks": "igloo\/assets\/contest_thanks.swf",
        "igloo_background": "igloo\/assets\/igloo_background.swf",
        "igloo_storage": "igloo\/assets\/igloo_storage.swf",
        "penguin": "penguin\/penguin.swf",
        "music": "music\/",
        "postcard_icons": "postcards\/",
        "puffle0": "puffle\/sprites\/blue.swf",
        "puffle1": "puffle\/sprites\/pink.swf",
        "puffle2": "puffle\/sprites\/black.swf",
        "puffle3": "puffle\/sprites\/green.swf",
        "puffle4": "puffle\/sprites\/purple.swf",
        "puffle5": "puffle\/sprites\/red.swf",
        "puffle6": "puffle\/sprites\/yellow.swf",
        "puffle7": "puffle\/sprites\/white.swf",
        "puffle8": "puffle\/sprites\/orange.swf",
        "puffle9": "puffle\/sprites\/brown.swf",
        "puffle0_icon": "puffle\/icons\/blue.swf",
        "puffle1_icon": "puffle\/icons\/pink.swf",
        "puffle2_icon": "puffle\/icons\/black.swf",
        "puffle3_icon": "puffle\/icons\/green.swf",
        "puffle4_icon": "puffle\/icons\/purple.swf",
        "puffle5_icon": "puffle\/icons\/red.swf",
        "puffle6_icon": "puffle\/icons\/yellow.swf",
        "puffle7_icon": "puffle\/icons\/white.swf",
        "puffle8_icon": "puffle\/icons\/orange.swf",
        "puffle9_icon": "puffle\/icons\/brown.swf",
        "stamp_icons": "stampbook\/stamps\/",
        "epfmessage": "content\/epf\/epfmessage.swf",
        "epfinitiated": "content\/epf\/epfinitiated.swf",
        "stampbook_insidePagesBackground": "stampbook\/insidePagesBackground\/",
        "stampbook_clasp": "stampbook\/clasp\/",
        "stampbook_claspHighlightThumb": "stampbook\/claspHighlightThumb\/",
        "stampbook_claspThumb": "stampbook\/claspThumb\/",
        "stampbook_colour": "stampbook\/colour\/",
        "stampbook_colourThumb": "stampbook\/colourThumb\/",
        "stampbook_highlight": "stampbook\/highlight\/",
        "stampbook_highlightThumb": "stampbook\/highlightThumb\/",
        "stampbook_pattern": "stampbook\/pattern\/",
        "stampbook_patternThumb": "stampbook\/patternThumb\/",
        "stampbook_polaroids": "stampbook\/polaroids\/",
        "stampbook_categoryHeader": "stampbook\/categoryHeader\/",
        "stampbook_category": "stampbook\/category\/",
        "stampbook_stamps": "stampbook\/stamps\/",
        "stampbook_wordmark": "stampbook\/wordmark\/",
        "stampbook_cover_storage": "stampbook\/prompt\/stampbook_cover_storage.swf",
        "news_form": "newspaper\/submit_to_aa.swf",
        "oops_general": "membership\/general.swf",
        "oops_inventory": "membership\/party1.swf",
        "oops_inventory_equip": "membership\/inventory_equip.swf",
        "oops_furniture": "membership\/furniture.swf",
        "oops_igloo": "membership\/igloo.swf",
        "oops_puffle": "membership\/puffle.swf",
        "oops_game_dance": "membership\/game_dance.swf",
        "oops_game_dance_songs": "membership\/game_dance_songs.swf",
        "oops_game_fire": "membership\/game_fire.swf",
        "oops_game_water": "membership\/game_water.swf",
        "oops_party_room": "membership\/party.swf",
        "oops_underwater_room": "membership\/underwater.swf",
        "oops_game_rescue_level1": "membership\/game_rescue_level1.swf",
        "oops_game_rescue_level2": "membership\/game_rescue_level2.swf",
        "oops_puffle_whistle": "membership\/puffle_whistle.swf",
        "oops_party3_room": "membership\/party3.swf",
        "oops_party2_room": "membership\/party2.swf",
        "oops_party5_room": "membership\/party5.swf",
        "oops_party6_room": "membership\/party7.swf",
        "oops_game_aquagrabber": "membership\/game_aquagrabber.swf",
        "oops_game_astrobarrier": "membership\/game_astrobarrier.swf",
        "oops_game_jetpack": "membership\/game_jetpack.swf",
        "oops_game_thinice": "membership\/game_thinice.swf",
        "oops_game_waves_competition": "membership\/game_waves_competition.swf",
        "oops_game_waves_survival": "membership\/game_waves_survival.swf",
        "oops_party1_room": "membership\/party1.swf",
        "oops_dojowater_room": "membership\/game_water.swf",
        "oops_party11_catalog": "membership\/party1.swf",
        "scavenger_hunt": "scavenger_hunt\/scavenger_hunt.swf",
        "oops_game_puffle_launch": "membership\/game_puffle_launch.swf",
        "oops_game_bits_and_bolts": "membership\/game_bits_and_bolts.swf",
        "scavenger_hunt_icon": "scavenger_hunt\/scavenger_hunt_icon.swf",
        "puffle_care_item_buy_icons": "puffle\/care_catalog_icons\/",
        "earth_day_video": "close_ups\/earth_day_video.swf",
        "oops_game_dj3k_save": "membership\/game_dj3k_save.swf",
        "oops_party1_catalog": "membership\/party1.swf",
        "fair_ticket_icon": "content\/ticket_icon.swf",
        "oops_game_pufflescape": "membership\/game_pufflescape.swf",
        "telescope": "telescope\/telescope.swf",
        "oops_catalog_puffleitems": "membership\/catalog_puffleitems.swf",
        "oops_catalog_puffleitems_print_view": "membership\/print_view\/catalog_puffleitems_print_view.swf",
        "oops_catalog_clothing": "membership\/catalog_clothing.swf",
        "oops_catalog_igloofurniture": "membership\/catalog_igloofurniture.swf",
        "oops_catalog_igloofurniture_print_view": "membership\/print_view\/catalog_igloofurniture_print_view.swf",
        "oops_catalog_clothing_print_view": "membership\/print_view\/catalog_clothing_print_view.swf",
        "oops_catalog_igloo": "membership\/catalog_igloo.swf",
        "oops_catalog_igloo_print_view": "membership\/print_view\/catalog_igloo_print_view.swf",
        "oops_adoption_ovr2puffle": "membership\/adoption_ovr2puffle.swf",
        "oops_adoption_ovr2puffle_print_view": "membership\/print_view\/adoption_ovr2puffle_print_view.swf",
        "oops_dojofire_room": "membership\/game_fire.swf",
        "w.achievements": "stampbook\/world_stamps.xml",
        "oops_room_party3": "membership\/party3.swf",
        "oops_room_party4": "membership\/party4.swf",
        "oops_room_party9": "membership\/party9.swf",
        "oops_party26_room": "membership\/party26.swf",
        "w.p0512.medieval.skygate.note": "close_ups\/poster4.swf",
        "oops_music_storage": "membership\/music_storage.swf",
        "oops_igloo_storage": "membership\/igloo_access_storage.swf",
        "oops_igloo_items": "membership\/igloo_access_invintory.swf",
        "igloo_flooring_icons": "igloo\/flooring\/icons\/",
        "igloo_locations_sprites": "igloo\/locations\/sprites\/",
        "igloo_locations_icons": "igloo\/locations\/icons\/",
        "igloo_building_sprites": "igloo\/buildings\/sprites\/",
        "igloo_building_icons": "igloo\/buildings\/icons\/",
        "igloo_flooring_sprites": "igloo\/flooring\/sprites\/",
        "w.p0612.superhero.alert": "close_ups\/hero_alert.swf",
        "oops_party1_print_view": "membership\/print_view\/party1_print_view.swf",
        "oops_catalog_costume": "membership\/catalog_costumetrunk.swf",
        "oops_catalog_instruments": "membership\/catalog_instruments.swf",
        "oops_catalog_martial_artworks": "membership\/catalog_martial_artworks.swf",
        "oops_catalog_sleds": "membership\/catalog_sleds.swf",
        "oops_catalog_sports": "membership\/catalog_snow_sports.swf",
        "oops_catalog_surf": "membership\/catalog_surf.swf",
        "oops_catalog_rh_rare_items": "membership\/catalog_rh_rare_items.swf",
        "oops_catalog_tracks": "membership\/game_dj3k_tracks.swf",
        "oops_catalog_hydro_hopper": "membership\/game_hydro_hopper.swf",
        "oops_catalog_fishing": "membership\/game_ice_fishing.swf",
        "oops_epf_gear": "membership\/epf_gear.swf",
        "oops_epf_lapsed": "membership\/epf_lapsed_member.swf",
        "oops_game_system_defender": "membership\/game_system_defender.swf",
        "oops_generic_print": "membership\/print_view\/generic_print_view.swf",
        "oops_igloo_music": "membership\/igloo_play_music.swf",
        "oops_igloo_unlock": "membership\/igloo_unlock.swf",
        "oops_penguin_equip": "membership\/inventory_equip.swf",
        "oops_adoption_blkpuffle": "membership\/puffle_black.swf",
        "oops_adoption_brnpuffle": "membership\/puffle_brown.swf",
        "oops_adoption_grnpuffle": "membership\/puffle_green.swf",
        "oops_adoption_orngpuffle": "membership\/puffle_orange.swf",
        "oops_adoption_pnkpuffle": "membership\/puffle_pink.swf",
        "oops_adoption_prplpuffle": "membership\/puffle_purple.swf",
        "oops_adoption_wtpuffle": "membership\/puffle_white.swf",
        "oops_adoption_ylwpuffle": "membership\/puffle_yellow.swf",
        "clothing_book2": "clothing\/books\/blueprint.swf",
        "oops_igloo_play_music": "membership\/igloo_play_music.swf",
        "oops_add_igloo": "membership\/add_igloo.swf",
        "oops_igloo_inventory": "membership\/igloo_access_invintory.swf",
        "w.0712.musicjam.dubstep.track": "music\/331.mp3",
        "w.p0712.musicjam.scavengerhunt": "scavenger_hunt\/scavenger_hunt.swf",
        "oops_non_member_backstage": "membership\/party1.swf",
        "oops_member_prizebooth": "membership\/party1.swf",
        "w.p1012.halloween.penguin.ghost0": "penguin\/penguin_ghost_0.swf",
        "w.p1012.halloween.penguin.ghost1": "penguin\/penguin_ghost_1.swf",
        "w.p1012.halloween.penguin.ghost2": "penguin\/penguin_ghost_2.swf",
        "w.p1012.halloween.penguin.ghost3": "penguin\/penguin_ghost_3.swf",
        "w.p1012.halloween.penguin.ghost4": "penguin\/penguin_ghost_4.swf",
        "w.p1012.halloween.penguin.ghost6": "penguin\/penguin_ghost_6.swf",
        "w.p1012.halloween.penguin.ghost7": "penguin\/penguin_ghost_7.swf",
        "w.p1012.halloween.penguin.ghost8": "penguin\/penguin_ghost_8.swf",
        "w.p1012.halloween.penguin.ghost9": "penguin\/penguin_ghost_9.swf",
        "w.p1012.halloween.penguin.ghost10": "penguin\/penguin_ghost_10.swf",
        "w.p1012.halloween.penguin.ghost11": "penguin\/penguin_ghost_11.swf",
        "w.p1012.halloween.penguin.ghost12": "penguin\/penguin_ghost_12.swf",
        "w.p1012.halloween.penguin.ghost13": "penguin\/penguin_ghost_13.swf",
        "w.p1012.halloween.penguin.ghost14": "penguin\/penguin_ghost_14.swf",
        "w.p1012.halloween.penguin.ghost15": "penguin\/penguin_ghost_15.swf",
        "w.p1012.halloween.penguin.ghost16": "penguin\/penguin_ghost_16.swf",
        "herbert_mascot": "penguin\/herbert.swf",
        "sora_tf": "avatar\/sora.swf",
        "snowtrekker_tf": "avatar\/snowtrekker.swf",
        "snowman_tf": "avatar\/sprites\/snowman.swf",
        "olaf_tf": "avatar\/sprites\/olaf.swf",
        "robot_tf": "avatar\/sprites\/robot.swf",
        "marshmallow_tf": "avatar\/sprites\/marshmallow.swf",
        "zombiea_tf": "avatar\/sprites\/Zombie_A.swf",
        "zombieb_tf": "avatar\/sprites\/Zombie_B.swf",
        "zombiec_tf": "avatar\/sprites\/Zombie_C.swf",
        "vampirea_tf": "avatar\/sprites\/Vampire_A.swf",
        "vampireb_tf": "avatar\/sprites\/Vampire_B.swf",
        "vampirec_tf": "avatar\/sprites\/Vampire_C.swf",
        "werewolfa_tf": "avatar\/sprites\/Werewolf_A.swf",
        "werewolfb_tf": "avatar\/sprites\/Werewolf_B.swf",
        "werewolfc_tf": "avatar\/sprites\/Werewolf_C.swf",
        "orangecar_tf": "avatar\/sprites\/orangecar.swf",
        "oldpuffle_tf": "avatar\/sprites\/oldpuffle.swf",
        "toy_tf": "avatar\/sprites\/toy.swf",
        "kermit_mascot": "avatar\/kermit_mascot.swf",
        "protobot_mascot": "avatar\/protobot.swf",
        "invistransform": "avatar\/empty.swf",
        "jeffpc": "close_ups\/jeffpc.swf",
        "chirpNote": "close_ups\/chirpNote.swf",
        "scavenger_hunt2": "scavenger_hunt\/scavenger_hunt2.swf",
        "party_icon": "content\/party_icon.swf",
        "w.p1212.holiday.penguin.reinDeer": "penguin\/penguin_reindeer.swf",
        "w.p1212.holiday.penguin.toyCar": "penguin\/penguin_car_%color%.swf",
        "w.p1212.holiday.penguin.frostBite": "penguin\/penguin_frostbite.swf",
        "room_pin": "content\/room_pin\/",
        "oops_party1": "membership\/party1.swf",
        "w.avatarSprite.puffle.black": "avatar\/sprites\/puffle_black.swf",
        "w.avatarSprite.puffle.blue": "avatar\/sprites\/puffle_blue.swf",
        "w.avatarSprite.puffle.brown": "avatar\/sprites\/puffle_brown.swf",
        "w.avatarSprite.puffle.green": "avatar\/sprites\/puffle_green.swf",
        "w.avatarSprite.puffle.orange": "avatar\/sprites\/puffle_orange.swf",
        "w.avatarSprite.puffle.pink": "avatar\/sprites\/puffle_pink.swf",
        "w.avatarSprite.puffle.purple": "avatar\/sprites\/puffle_purple.swf",
        "w.avatarSprite.puffle.red": "avatar\/sprites\/puffle_red.swf",
        "w.avatarSprite.puffle.white": "avatar\/sprites\/puffle_white.swf",
        "w.avatarSprite.puffle.yellow": "avatar\/sprites\/puffle_yellow.swf",
        "w.avatarSprite.puffle.rainbow": "avatar\/sprites\/puffle_rainbow.swf",
        "oops_puffle_rainbow": "membership\/puffle_rainbow.swf",
        "puffle10": "puffle\/sprites\/rainbow.swf",
        "puffle10_icon": "puffle\/icons\/rainbow.swf",
        "w.world.rooms.classes": "rooms\/room_classes.swf",
        "w.avatarsprite.epf.usingtracetracker": "penguin\/penguin_tracetracker.swf",
        "oops_epf_tracetracker3000": "membership\/epf_tracetracker3000.swf",
        "oops_party2": "membership\/party2.swf",
        "oops_party3": "membership\/party3.swf",
        "w.puffletreasure.dialog.firstsuccessfuldig": "close_ups\/first_successful_puffle_dig.swf",
        "w.puffle.sprite.dig": "puffle\/sprites\/dig\/puffle_%color%%wildTypeId%_dig.swf",
        "w.puffle.sprite.adopt": "puffle\/sprites\/adopt\/puffle_%color%%wildTypeId%_adopt.swf",
        "w.avatarsprite.mascot.herbert": "avatar\/sprites\/herbert.swf",
        "w.epf.recruitment.dialog": "close_ups\/epf\/recruitment_dialog.swf",
        "w.puffle.emoticons.digsearch": "puffle\/emoticons\/dig_search\/dig_search_emoticon.swf",
        "w.puffle.sprite.igloo": "puffle\/sprites\/igloo\/puffle_%color%%wildTypeId%_igloo.swf",
        "w.puffle.paper": "puffle\/paper\/puffle_%color%%wildTypeId%_paper.swf",
        "w.puffle.sprite.walk": "puffle\/sprites\/walk\/puffle_%color%%wildTypeId%_walk.swf",
        "w.puffle.sprite.eat": "puffle\/sprites\/eat\/puffle_%color%%wildTypeId%_eat.swf",
        "w.puffle.effects.dig": "puffle\/sprites\/dig\/puffle_%color%%wildTypeId%_dig.swf",
        "oops_puffle_care_station_food": "membership\/puffle_care_station_food.swf",
        "w.puffle.emoticons.digsearch.goldnuggetsearch": "puffle\/emoticons\/dig_search\/gold_nugget_search_emoticon.swf",
        "oops_gold_berry_machine": "membership\/gold_quest_oops.swf",
        "w.puffle.icons.goldnuggeticon": "puffle\/icons\/%0%_gold_nuggets.swf",
        "w.interface.hud.goldnuggets": "interface\/gold_nuggets_hud.swf",
        "w.puffle.effects.goldstate": "puffle\/effects\/goldstate_%location%.swf",
        "w.puffle.sprite.hotelcare.dive": "puffle\/sprites\/hotelcare\/dive\/puffle_%color%%wildTypeId%_dive.swf",
        "w.puffle.sprite.hotelcare.weightlifting": "puffle\/sprites\/hotelcare\/weightlifting\/puffle_%color%%wildTypeId%_weightlifting.swf",
        "w.puffle.sprite.splash": "puffle\/sprites\/animation\/splash\/puffle_%color%%wildTypeId%_splash.swf",
        "w.puffle.sprite.fullstats": "puffle\/sprites\/animation\/celebrate\/puffle_%color%%wildTypeId%_100_percent.swf",
        "w.questui.skin.details": "quest\/%quest_name%\/details.swf",
        "w.puffle.sprite.poof": "puffle\/sprites\/animation\/poof.swf",
        "oops_puffle_dino_walk": "membership\/puffle_dino_walk.swf",
        "oops_adoption_orngpuffle_newart": "membership\/puffle_orange_newart.swf",
        "oops_adoption_prplpuffle_newart": "membership\/puffle_purple_newart.swf",
        "oops_adoption_blkpuffle_newart": "membership\/puffle_black_newart.swf",
        "oops_adoption_wtpuffle_newart": "membership\/puffle_white_newart.swf",
        "oops_adoption_grnpuffle_newart": "membership\/puffle_green_newart.swf",
        "oops_adoption_ylwpuffle_newart": "membership\/puffle_yellow_newart.swf",
        "oops_adoption_brnpuffle_newart": "membership\/puffle_brown_newart.swf",
        "oops_adoption_pnkpuffle_newart": "membership\/puffle_pink_newart.swf",
        "oops_adoption_member_puffle": "membership\/puffle_member.swf",
        "w.prompts.puffle.dinopufflecare": "prompts\/puffle\/dino_puffle_care.swf",
        "w.prompts.puffle.firsttimeswap": "prompts\/puffle\/first_puffle_move.swf",
        "w.prompts.puffle.igloolimit": "prompts\/puffle\/igloo_limit.swf",
        "w.prompts.puffle.pufflecareigloo": "prompts\/puffle\/puffle_care_igloo.swf",
        "w.prompts.firsttimebackyardinfo": "prompts\/puffle\/first_time_backyard_info.swf",
        "w.prompts.lapsedmemberpuffles": "prompts\/puffle\/lapsed_member_puffles.swf",
        "w.prompts.wherearemypuffles": "prompts\/puffle\/where_are_my_puffles.swf",
        "w.app.logo.logo": "logo\/logo.swf",
        "w.puffle.sprite.pufflepark.hydrant": "puffle\/sprites\/pufflepark\/hydrant\/puffle_%color%%wildTypeId%_Hydrant.swf",
        "w.puffle.sprite.pufflepark.scratchpost": "puffle\/sprites\/pufflepark\/scratchpost\/puffle_%color%%wildTypeId%_scratchpost.swf",
        "w.puffle.sprite.pufflepark.tireswing": "puffle\/sprites\/pufflepark\/tireswing\/puffle_%color%%wildTypeId%_TireSwing.swf",
        "w.puffle.emoticons.care.play": "puffle\/emoticons\/care\/play_emoticon.swf",
        "w.puffle.emoticons.care.food": "puffle\/emoticons\/care\/food_emoticon.swf",
        "w.puffle.emoticons.care.rest": "puffle\/emoticons\/care\/rest_emoticon.swf",
        "w.puffle.emoticons.care.clean": "puffle\/emoticons\/care\/clean_emoticon.swf",
        "oops_puffle_creature_walk": "membership\/puffle_creatures_walk.swf",
        "w.prompts.puffle.tricksnopuffle": "prompts\/puffle\/puffle_tricks_no_puffle.swf",
        "w.prompts.puffle.tricksnotwalking": "prompts\/puffle\/puffle_tricks_not_walking.swf",
        "w.puffle.sprite.tricks": "puffle\/sprites\/tricks\/puffle_%color%%wildTypeId%_%trick%.swf",
        "w.avatarSprite.puffle.gold": "avatar\/sprites\/puffle_gold.swf",
        "w.avatarSprite.puffle.trex_black": "avatar\/sprites\/puffle_black_trex.swf",
        "w.avatarSprite.puffle.trex_purple": "avatar\/sprites\/puffle_purple_trex.swf",
        "w.avatarSprite.puffle.triceratops_red": "avatar\/sprites\/puffle_red_triceratops.swf",
        "w.avatarSprite.puffle.triceratops_blue": "avatar\/sprites\/puffle_blue_triceratops.swf",
        "w.avatarSprite.puffle.stegasaurus_yellow": "avatar\/sprites\/puffle_yellow_stegosaurus.swf",
        "w.avatarSprite.puffle.stegasaurus_pink": "avatar\/sprites\/puffle_pink_stegosaurus.swf",
        "w.avatarSprite.puffle.dog": "avatar\/sprites\/puffle_dog.swf",
        "w.avatarSprite.puffle.cat": "avatar\/sprites\/puffle_cat.swf",
        "w.puffle.emoticons.tricks.digfail": "puffle\/emoticons\/tricks\/dig_fail.swf",
        "w.closeup.ph.puffletricks": "close_ups\/character_dialogue_puffletricks.swf",
        "w.puffle.poster.rainbow": "prompts\/puffle\/rainbow_puffle_poster.swf",
        "w.puffle.poster.gold": "prompts\/puffle\/gold_puffle_poster.swf",
        "m.game.soundstudio.genre.album.dance": "music\/albums\/album_dance.swf",
        "m.game.soundstudio.genre.album.dubstep": "music\/albums\/album_dubstep.swf",
        "m.game.soundstudio.genre.album.pop": "music\/albums\/album_pop.swf",
        "m.game.soundstudio.genre.album.rock": "music\/albums\/album_rock.swf",
        "m.game.soundstudio.oops.membership": "membership\/soundstudio_oops.swf",
        "w.avatarsprite.mascot.sasquatch": "avatar\/sprites\/sasquatch.swf",
        "oops_pufflewild": "membership\/puffle_wild_oops.swf",
        "w.puffle.adopt.choosecolor.deer": "close_ups\/choose_puffle_color_deer.swf",
        "w.puffle.adopt.choosecolor.rabbit": "close_ups\/choose_puffle_color_rabbit.swf",
        "w.puffle.adopt.choosecolor.raccoon": "close_ups\/choose_puffle_color_raccoon.swf",
        "w.p2015.june.missions.interface": "close_ups\/psa_missions_interface.swf",
        "w.wmdcatalog.baseurl": "catalog\/2015-05-20\/mobile\/cp-mobile-ui\/clubpenguin_v1_6\/",
        "w.wmdcatalog.assetpath": "deploy\/metaplace\/devicepng\/",
        "binoculars": "binoculars\/empty.swf",
        "w.app.generic.features": "content\/features.swf",
        "w.app.generic.partyinterface": "close_ups\/quest_interface.swf",
        "w.app.generic.partymap": "close_ups\/party_map.swf",
        "w.app.generic.igloolist": "close_ups\/igloo_list.swf",
        "w.app.generic.iglooprompt": "close_ups\/igloo_prompt.swf",
        "w.app.generic.prompts": "content\/prompts.swf",
        "w.app.p2017.dialogprompt.january.town.jacket": "close_ups\/170104_dialogue_town_jacket.swf",
        "w.app.music.berg.tipped": "music\/MUS_Berg_Dance.mp3",
        "w.app.p2017.dialogprompt.february.login": "close_ups\/170201_character_dialogue_login.swf",
        "w.app.p2017.dialogprompt.february.task1.start": "close_ups\/170201_dialogue_task1_start.swf",
        "w.app.p2017.dialogprompt.february.task1.congrats": "close_ups\/170201_dialogue_task1_congrats.swf",
        "w.app.p2017.dialogprompt.february.task2.start": "close_ups\/170201_dialogue_task2_start.swf",
        "w.app.p2017.dialogprompt.february.task2.congrats": "close_ups\/170201_dialogue_task2_congrats.swf",
        "w.app.p2017.dialogprompt.february.task3.start": "close_ups\/170201_dialogue_task3_start.swf",
        "w.app.p2017.dialogprompt.february.task3.congrats": "close_ups\/170201_dialogue_task3_congrats.swf",
        "w.app.p2017.dialogprompt.february.task4.start": "close_ups\/170201_dialogue_task4_start.swf",
        "w.app.p2017.dialogprompt.february.task4.congrats": "close_ups\/170201_dialogue_task4_congrats.swf",
        "w.app.p2017.dialogprompt.february.task5.start": "close_ups\/170201_dialogue_task5_start.swf",
        "w.app.p2017.dialogprompt.february.task5.congrats": "close_ups\/170201_dialogue_task5_congrats.swf",
        "w.app.p2017.dialogprompt.february.task6.start": "close_ups\/170201_dialogue_task6_start.swf",
        "w.app.p2017.dialogprompt.february.task6.congrats": "close_ups\/170201_dialogue_task6_congrats.swf",
        "w.app.p2017.dialogprompt.february.task7.start": "close_ups\/170201_dialogue_task7_start.swf",
        "w.app.p2017.dialogprompt.february.task7.congrats": "close_ups\/170201_dialogue_task7_congrats.swf",
        "w.app.p2017.dialogprompt.february.iceberg.plaque": "close_ups\/170201_dialogue_iceberg_plaque.swf",
        "w.app.p2017.dialogprompt.february.alltasks.congrats": "close_ups\/170201_dialogue_alltasks_congrats.swf",
        "w.app.p2017.dialogprompt.february.iceberg.congrats": "close_ups\/170201_dialogue_iceberg_congrats.swf",
        "w.app.p2017.dialogprompt.march.login": "close_ups\/170322_character_dialogue_login.swf"
    },
    "local": {
        "801_award": "awards\/801.swf",
        "802_award": "awards\/802.swf",
        "803_award": "awards\/803.swf",
        "804_award": "awards\/804.swf",
        "805_award": "awards\/805.swf",
        "806_award": "awards\/806.swf",
        "807_award": "awards\/807.swf",
        "808_award": "awards\/808.swf",
        "809_award": "awards\/809.swf",
        "810_award": "awards\/810.swf",
        "811_award": "awards\/811.swf",
        "812_award": "awards\/812.swf",
        "813_award": "awards\/813.swf",
        "814_award": "awards\/814.swf",
        "815_award": "awards\/815.swf",
        "816_award": "awards\/816.swf",
        "817_award": "awards\/817.swf",
        "818_award": "awards\/818.swf",
        "819_award": "awards\/819.swf",
        "820_award": "awards\/820.swf",
        "821_award": "awards\/821.swf",
        "822_award": "awards\/822.swf",
        "823_award": "awards\/823.swf",
        "8000_award": "awards\/8000.swf",
        "8001_award": "awards\/8001.swf",
        "8002_award": "awards\/8002.swf",
        "8003_award": "awards\/8003.swf",
        "8004_award": "awards\/8004.swf",
        "8005_award": "awards\/8005.swf",
        "8006_award": "awards\/8006.swf",
        "8007_award": "awards\/8007.swf",
        "8008_award": "awards\/8008.swf",
        "8010_award": "awards\/8010.swf",
        "stowaway_book": "books\/stowaway.swf",
        "franky_book": "books\/franky.swf",
        "spice_book": "books\/spice.swf",
        "dare_book": "books\/dare.swf",
        "journal_book": "books\/journal.swf",
        "tales07_book": "books\/tales07.swf",
        "tales08_book": "books\/tales08.swf",
        "tales09_book": "books\/tales09.swf",
        "year0506_book": "books\/year0506.swf",
        "year2122_book": "books\/year2122.swf",
        "year2223_book": "books\/year2223.swf",
        "year0607_book": "books\/year0607.swf",
        "year0708_book": "books\/year0708.swf",
        "year0809_book": "books\/year0809.swf",
        "year0910_book": "books\/year0910.swf",
        "xmas_book1": "books\/xmas_book1.swf",
        "xmas_book2": "books\/xmas_book2.swf",
        "xmas_book3": "books\/xmas_book3.swf",
        "fairyfables": "books\/fairyfables.swf",
        "give_tour": "close_ups\/take_tour.swf",
        "give_tour2": "books\/give_tour.swf",
        "clothing_catalogue": "catalogues\/clothing.swf",
        "costume_catalogue": "catalogues\/costume.swf",
        "mall_catalogue": "catalogues\/mall.swf",
        "sport_catalogue": "catalogues\/sport.swf",
        "fish_catalogue": "catalogues\/fish.swf",
        "pets_catalogue": "catalogues\/pets.swf",
        "adopt_catalogue": "catalogues\/adopt.swf",
        "pirate_catalogue": "catalogues\/pirate.swf",
        "igloo_catalogue": "catalogues\/igloo.swf",
        "furniture_catalogue": "catalogues\/furniture.swf",
        "music_catalogue": "catalogues\/music.swf",
        "merch_catalogue": "catalogues\/merch.swf",
        "merch_catalog": "catalogues\/merch.swf",
        "prizebooth": "catalogues\/prizebooth.swf",
        "prizeboothmember": "catalogues\/prizeboothmember.swf",
        "ninja_catalogue": "catalogues\/ninja.swf",
        "cove_catalogue": "catalogues\/cove.swf",
        "dock_catalogue": "catalogues\/dock.swf",
        "lodge_catalogue": "catalogues\/lodge.swf",
        "mtn_catalogue": "catalogues\/mtn.swf",
        "lake_catalogue": "catalogues\/lake.swf",
        "dance_catalogue": "catalogues\/dance.swf",
        "party_catalogue": "catalogues\/party.swf",
        "light_catalogue": "catalogues\/light.swf",
        "prizeBooth": "catalogues\/prizebooth.swf",
        "PrizeBoothMember": "catalogues\/prizeboothmember.swf",
        "clock_help": "close_ups\/clock_tower.swf",
        "backstage": "close_ups\/note.swf",
        "rockhopper_note": "close_ups\/rockhoppernote.swf",
        "labcoat": "close_ups\/labcoat.swf",
        "ninjabelts": "close_ups\/ninjabelts.swf",
        "instructions_quest": "close_ups\/InstructionsScroll.swf",
        "sensei_note": "close_ups\/ninja_hideout.swf",
        "colour_poster": "close_ups\/colorpage.swf",
        "take_tour": "close_ups\/take_tour.swf",
        "corkboard": "close_ups\/corkboard.swf",
        "fire_path_note": "close_ups\/sensei_note.swf",
        "fireclothing": "close_ups\/fireItems.swf",
        "water_path_note": "close_ups\/sensei_note2.swf",
        "waterclothing": "close_ups\/waterItems.swf",
        "maze_map": "close_ups\/maze_map.swf",
        "christmasposter": "close_ups\/christmasposter.swf",
        "splunkposter": "close_ups\/digposter.swf",
        "splunkposter2": "close_ups\/digposter2.swf",
        "treasurepin1": "close_ups\/treasurepin1.swf",
        "treasurepin2": "close_ups\/treasurepin2.swf",
        "treasurepin3": "close_ups\/treasurepin3.swf",
        "treasurepin4": "close_ups\/treasurepin4.swf",
        "underwater_note": "close_ups\/underwater_note.swf",
        "poster": "close_ups\/poster.swf",
        "recycle_poster": "close_ups\/recycle_poster.swf",
        "recycle_note": "close_ups\/recycle_note.swf",
        "InstructionsScroll": "close_ups\/InstructionsScroll.swf",
        "InstructionsScroll2": "close_ups\/InstructionsScroll2.swf",
        "party_poster": "close_ups\/poster.swf",
        "party_poster2": "close_ups\/poster_bakery.swf",
        "puffle_whistle": "close_ups\/puffle_whistle.swf",
        "halloween_poster": "close_ups\/halloweenposter.swf",
        "rink_poster": "close_ups\/stadium_poster.swf",
        "party_note01": "close_ups\/party_note01.swf",
        "party_note02": "close_ups\/party_note02.swf",
        "party_note03": "close_ups\/party_note03.swf",
        "party_note04": "close_ups\/party_note04.swf",
        "party_note05": "close_ups\/party_note05.swf",
        "coins_for_change": "forms\/coins_for_change.swf",
        "agent_form": "forms\/agent.swf",
        "report_form": "forms\/report.swf",
        "tour_form": "forms\/tour.swf",
        "penguintales": "forms\/PenguinTales.swf",
        "mod_help": "forms\/moderator.swf",
        "egg_timer": "forms\/egg_timer.swf",
        "missions": "forms\/missions.swf",
        "library": "forms\/library.swf",
        "treasurehunt_help": "instructions\/treasurehunt.swf",
        "mancala_help": "instructions\/mancala.swf",
        "instructions": "instructions\/card_jitsu.swf",
        "fireinstructions": "instructions\/card_jitsu_fire.swf",
        "waterinstructions": "instructions\/card_jitsu_water.swf",
        "stampbook_cover_storage": "membership\/stampbook.swf",
        "oops_party11_room": "membership\/party7.swf",
        "oops_party12_room": "membership\/party7.swf",
        "oops_party13_room": "membership\/party7.swf",
        "postcards": "postcards\/",
        "login_membership_14": "prompts\/login_membership_date.swf",
        "login_membership_7": "prompts\/login_membership_date.swf",
        "login_membership_3": "prompts\/login_membership_days.swf",
        "login_membership_2": "prompts\/login_membership_days.swf",
        "login_membership_1": "prompts\/login_membership_days.swf",
        "login_membership_expired": "prompts\/login_membership_expired.swf",
        "tutorial_prompts": "prompts\/tutorial_prompts.swf",
        "field_ops": "close_ups\/field_ops.swf",
        "end_game_howto": "prompts\/end_game_howto.swf",
        "current_news": "news\/papers\/20110318",
        "old_news0": "news\/papers\/20110311",
        "old_news1": "news\/papers\/20110304",
        "old_news2": "news\/papers\/20110225",
        "old_news5": "news\/papers\/20110204",
        "old_news4": "news\/papers\/20110211",
        "old_news3": "news\/papers\/20110218",
        "w.pufflecare.manual.cover.artpath": "global\/puffle\/manual\/lang\/en\/cover.swf",
        "w.pufflecare.manual.card.petPapers": "global\/puffle\/manual\/lang\/en\/pet_papers.swf",
        "w.pufflecare.manual.description.artpath.blue": "global\/puffle\/manual\/lang\/en\/blue.swf",
        "w.pufflecare.manual.description.artpath.yellow": "global\/puffle\/manual\/lang\/en\/yellow.swf",
        "w.pufflecare.manual.description.artpath.white": "global\/puffle\/manual\/lang\/en\/white.swf",
        "w.pufflecare.manual.description.artpath.red": "global\/puffle\/manual\/lang\/en\/red.swf",
        "w.pufflecare.manual.description.artpath.purple": "global\/puffle\/manual\/lang\/en\/purple.swf",
        "w.pufflecare.manual.description.artpath.pink": "global\/puffle\/manual\/lang\/en\/pink.swf",
        "w.pufflecare.manual.description.artpath.orange": "global\/puffle\/manual\/lang\/en\/orange.swf",
        "w.pufflecare.manual.description.artpath.green": "global\/puffle\/manual\/en\/green.swf",
        "w.pufflecare.manual.description.artpath.brown": "global\/puffle\/manual\/en\/brown.swf",
        "w.pufflecare.manual.description.artpath.black": "global\/puffle\/manual\/en\/black.swf",
        "w.pufflecare.certificate.title.artpath": "global\/puffle\/certificate\/en\/title.swf",
        "oops_party7_room": "membership\/party7.swf",
        "oops_party8_room": "membership\/party7.swf",
        "oops_party9_room": "membership\/party9.swf",
        "oops_party10_room": "membership\/party7.swf",
        "oops_party14_room": "membership\/party7.swf",
        "oops_party15_room": "membership\/party7.swf",
        "oops_party16_room": "membership\/party7.swf",
        "oops_party17_room": "membership\/party7.swf",
        "oops_party18_room": "membership\/party7.swf",
        "oops_party19_room": "membership\/party7.swf",
        "oops_party20_room": "membership\/party7.swf",
        "oops_party21_room": "membership\/party7.swf",
        "oops_party22_room": "membership\/party7.swf",
        "oops_party23_room": "membership\/party7.swf",
        "herbert_taunt": "close_ups\/herbert_taunt.swf",
        "herbert_taunt_defeated": "close_ups\/herbert_taunt_defeated.swf",
        "party_op_medals_earned": "close_ups\/party_op_medals_earned.swf",
        "party2_catalogue": "catalogues\/party2.swf",
        "party3_catalogue": "catalogues\/party3.swf",
        "party4": "membership\/party4.swf",
        "oops_party4_room": "membership\/party4.swf",
        "party_note06": "close_ups\/party_note06.swf",
        "tickets": "close_ups\/tickets.swf",
        "year1011_book": "books\/year1011.swf",
        "cfc_info_poster": "close_ups\/poster.swf",
        "advent_note_dec15": "close_ups\/advent_note_dec15.swf",
        "advent_note_dec16": "close_ups\/advent_note_dec16.swf",
        "advent_note_dec17": "close_ups\/advent_note_dec17.swf",
        "advent_note_dec18": "close_ups\/advent_note_dec18.swf",
        "advent_note_dec19": "close_ups\/advent_note_dec19.swf",
        "advent_note_dec20": "close_ups\/advent_note_dec20.swf",
        "advent_note_dec21": "close_ups\/advent_note_dec21.swf",
        "advent_note_dec22": "close_ups\/advent_note_dec22.swf",
        "advent_note_dec23": "close_ups\/advent_note_dec23.swf",
        "advent_note_dec24": "close_ups\/advent_note_dec24.swf",
        "advent_note_dec25": "close_ups\/advent_note_dec25.swf",
        "w.p0212.rockhopperquest.leadup.poster.url": "close_ups\/poster.swf",
        "w.p0212.rockhopperquest.poster.url": "close_ups\/poster.swf",
        "w.p0212.rockhopperquest.note01.url": "close_ups\/party_note01.swf",
        "w.p0212.rockhopperquest.note02.url": "close_ups\/party_note02.swf",
        "w.p0212.rockhopperquest.catalog.url": "catalogues\/party.swf",
        "w.p0212.rockhopperquest.note03.url": "close_ups\/party_note03.swf",
        "w.p0212.rockhopperquest.catalog2.url": "catalogues\/party2.swf",
        "w.p0212.rockhopperquest.note04.url": "close_ups\/party_note04.swf",
        "w.p0212.rockhopperquest.map.url": "close_ups\/party_note05.swf",
        "w.p0212.rockhopperquest.note06.url": "close_ups\/party_note06.swf",
        "w.p0312.puffle.leadup.poster": "close_ups\/leadup_poster.swf",
        "w.p0312.puffle.poster": "close_ups\/poster.swf",
        "w.p0312.puffle.note01": "close_ups\/choose_puffle.swf",
        "w.p0312.puffle.note02": "close_ups\/adoptpuffle_prompt.swf",
        "w.p0312.puffle.catalog": "catalogues\/party.swf",
        "w.p0412.aprilfools.catalog": "catalogues\/party.swf",
        "w.p0418.earthday.catalog.url": "catalogues\/earth_day_catalog.swf",
        "w.p0512.medieval.catalog": "catalogues\/party.swf",
        "w.p0512.medieval.mountain.needitems": "close_ups\/party_note1.swf",
        "w.p0512.medieval.skykingdom.needstaff": "close_ups\/party_note2.swf",
        "w.p0612.superhero.dialog.chooseside": "close_ups\/login.swf",
        "w.0612.superhero.herohq.teleportprompt": "close_ups\/poster_party3.swf",
        "w.p0612.superhero.clothing.catalogue": "catalogues\/party.swf",
        "w.0612.superhero.villianhq.teleportprompt": "close_ups\/poster_party2.swf",
        "w.p0612.superhero.civilian.catalogue": "catalogues\/party2.swf",
        "w.p0612.superhero.treasure.catalogue": "",
        "w.p0712.musicjam.clothing.catalogue": "catalogues\/party.swf",
        "w.party.announcement": "close_ups\/poster.swf",
        "w.p0712.musicjam.cadence.track": "music\/tpsn.mp3",
        "faq_membership": "close_ups\/faq_membership.swf",
        "w.p1012.halloween.note.gariwald": "close_ups\/party_note1.swf",
        "w.p1012.halloween.note.goggles": "close_ups\/party_note2.swf",
        "w.p1012.halloween.clothing.catalogue": "catalogues\/party.swf",
        "year1112_book": "books\/year1112.swf",
        "w.party.cfcInfoPoster": "close_ups\/CFC_poster.swf",
        "w.party.cfcResultsPoster": "forms\/coins_for_change.swf",
        "w.party.catalogue.party1": "catalogues\/party.swf",
        "w.party.catalogue.party2": "catalogues\/party2.swf",
        "w.party.map": "close_ups\/map_interface.swf",
        "w.party.clothing.catalogue1": "catalogues\/party.swf",
        "w.party.clothing.catalogue2": "catalogues\/party2.swf",
        "w.hotel.roof.cannonLocked": "close_ups\/rainbow_cannon_prompt.swf",
        "w.hotel.elevatorui": "close_ups\/hotel_elevator.swf",
        "w.hotel.questui": "close_ups\/rainbow_puffle_quest.swf",
        "w.party.03.2013.puffle.nopufflesui": "close_ups\/adopt_puffle.swf",
        "w.pufflecare.manual.description.artpath.rainbow": "global\/puffle\/manual\/lang\/en\/rainbow.swf",
        "w.cj.snow.earnsnowgem": "close_ups\/earn_snow_gem.swf",
        "w.cj.snow.story01": "video\/cjsnowcinematic01.f4v",
        "w.cj.snow.story02": "video\/cjsnowcinematic02.f4v",
        "w.cj.snow.story03": "video\/cjsnowcinematic03.f4v",
        "w.cj.snow.story04": "video\/cjsnowcinematic04.f4v",
        "w.cj.snow.story05": "video\/cjsnowcinematic05.f4v",
        "w.cj.snow.story06": "video\/cjsnowcinematic06.f4v",
        "w.cj.snow.story07": "video\/cjsnowcinematic07.f4v",
        "w.cj.snow.story08": "video\/cjsnowcinematic08.f4v",
        "w.cj.snow.story09": "video\/cjsnowcinematic09.f4v",
        "darwin": "video\/darwin.f4v",
        "cave": "video\/cave.f4v",
        "trailblazerCove": "video\/trailblazerCove.f4v",
        "year1113_book": "books\/year1113.swf",
        "year1213_book": "books\/year1213.swf",
        "clothing_catalogue_0": "catalogues\/clothing.swf",
        "w.questui.skin.icon": "quest\/%quest_name%\/icon.swf",
        "w.safetyquiz": "close_ups\/safety_quiz.swf",
        "year1314_book": "books\/year1314.swf",
        "year1415_book": "books\/year1415.swf",
        "w.app.epfhandbook": "books\/EPF-handbook.swf"
    },
    "link": {
        "main_web": "https:\/\/www.cpimagined.net\/",
        "client_web": "https:\/\/play.cpimagined.net\/",
        "cache_web": "https:\/\/www.cpimagined.net\/",
        "connection_web": "https:\/\/www.cpimagined.net\/",
        "cant_connect_web": "https:\/\/www.cpimagined.net\/",
        "support_web": "https:\/\/www.cpimagined.net\/",
        "member_web": "https:\/\/www.cpimagined.net\/",
        "manage_web": "https:\/\/www.cpimagined.net\/",
        "community_web": "https:\/\/www.cpimagined.net\/",
        "guide_web": "https:\/\/www.cpimagined.net\/",
        "parents_web": "https:\/\/www.cpimagined.net\/",
        "create_account_web": "https:\/\/play.cpimagined.net\/penguin\/create",
        "forgot_password_web": "https:\/\/www.cpimagined.net\/",
        "player_safety": "https:\/\/www.cpimagined.net\/",
        "fire_path_video_flv": "https:\/\/media.cpimagined.net\/www\/flv\/card-jitsu-fire-path.flv",
        "toys_web": "https:\/\/www.cpimagined.net\/",
        "water_path_video_flv": "https:\/\/media.cpimagined.net\/play\/en\/card-jitsu\/water\/videos\/card-jitsu-water-trailer.flv"
    }
}