{
    "750": {
        "0": "This puffle is hiding way up high, just not quite reaching into the sky.",
        "1": "Not in the water, not in the air, this puffle's hiding in it's own little lair.",
        "2": "This puffle is hiding good, you sees. It's hiding nestled between two trees.",
        "3": "Don't wander far now, to find this puffle. Look for it by a puddle.",
        "4": "This hint is sure to deliver, this puffle's hiding by the river."
    },
    "751": {
        "0": "This puffle's hiding skills do not lack. Look for it near the back.",
        "1": "This puffle is counting for you, don't fall out of line. If you need help, look for a sign.",
        "2": "If to find this puffle is what you desire, it's not too far away from the fire.",
        "3": "This puffle's hiding spot is above norm, look for it under a platform.",
        "4": "To find this puffle, you'll need to get the jump. It's hiding near a small wooden stump."
    },
    "752": {
        "0": "This puffle's got a hint to loan, it's hiding by the water's stones.",
        "1": "This hint will make you feel ten feet tall, this puffle is hiding by a waterfall.",
        "2": "A rock and sign will tell you all you know, to find the puffle to be shown.",
        "3": "Not too high, not too low, this puffle is hiding in the middle of the flow.",
        "4": "This puffle's hiding spot isn't trying to trick, unless you have a bone to pick."
    }
}